URL,Store name,Review1,Review2,Review3,Review4,Review5
https://uk.trustpilot.com/review/www.asos.com,,,,,,
https://uk.trustpilot.com/review/www.argos.co.uk,,,,,,
https://uk.trustpilot.com/review/www.currys.co.uk,,,,,,
https://uk.trustpilot.com/review/www.moonpig.com,,,,,,
https://uk.trustpilot.com/review/www.marksandspencer.com,,,,,,
https://uk.trustpilot.com/review/www.asda.com,,,,,,
https://uk.trustpilot.com/review/www.matalan.com,,,,,,
https://uk.trustpilot.com/review/www.amazon.co.uk,,,,,,
https://uk.trustpilot.com/review/www.dunelm.com,,,,,,
https://uk.trustpilot.com/review/www.halfords.com,,,,,,
https://uk.trustpilot.com/review/www.screwfix.com,,,,,,
https://uk.trustpilot.com/review/www.ticketmaster.co.uk,,,,,,
https://uk.trustpilot.com/review/www.smythstoys.com,,,,,,
https://uk.trustpilot.com/review/www.thetrainline.com,,,,,,
https://uk.trustpilot.com/review/www.railcard.co.uk,,,,,,
https://uk.trustpilot.com/review/www.jdsports.co.uk,,,,,,
https://uk.trustpilot.com/review/www.chesterzoo.co.uk,,,,,,
https://uk.trustpilot.com/review/www.premierinn.com,,,,,,
https://uk.trustpilot.com/review/www.drmartens.co.uk,,,,,,
https://uk.trustpilot.com/review/www.appliancesdirect.co.uk,,,,,,
https://uk.trustpilot.com/review/www.thewhitecompany.com,,,,,,
https://uk.trustpilot.com/review/www.jet2.com,,,,,,
https://uk.trustpilot.com/review/www.shadestation.co.uk,,,,,,
https://uk.trustpilot.com/review/www.flannels.com,,,,,,
https://uk.trustpilot.com/review/www.superdrug.com,,,,,,
https://uk.trustpilot.com/review/www.greeneking.co.uk,,,,,,
https://uk.trustpilot.com/review/www.therange.co.uk,,,,,,
https://uk.trustpilot.com/review/www.loveholidays.com,,,,,,
https://uk.trustpilot.com/review/www.asos.com,,,,,,
https://uk.trustpilot.com/review/www.haven.com,,,,,,
https://uk.trustpilot.com/review/www.travelodge.co.uk,,,,,,
https://uk.trustpilot.com/review/www.moonpig.com,,,,,,
https://uk.trustpilot.com/review/www.hm.com,,,,,,
https://uk.trustpilot.com/review/www.dyson.co.uk,,,,,,
https://uk.trustpilot.com/review/www.costco.co.uk,,,,,,
https://uk.trustpilot.com/review/www.hoseasons.co.uk,,,,,,
https://uk.trustpilot.com/review/www.bose.co.uk,,,,,,
https://uk.trustpilot.com/review/www.kfc.co.uk,,,,,,
https://uk.trustpilot.com/review/www.tayna.co.uk,,,,,,
https://uk.trustpilot.com/review/www.postofficetravelmoney.co.uk,,,,,,
https://uk.trustpilot.com/review/www.spotify.com,,,,,,
https://uk.trustpilot.com/review/www.uber.com,,,,,,
https://uk.trustpilot.com/review/www.millerandcarter.co.uk,,,,,,
https://uk.trustpilot.com/review/www.blackpoolzoo.org.uk,,,,,,
https://uk.trustpilot.com/review/www.blairdrummond.com,,,,,,
https://uk.trustpilot.com/review/www.boots.com,,,,,,
https://uk.trustpilot.com/review/www.easyjet.com,,,,,,
https://uk.trustpilot.com/review/www.just-eat.co.uk,,,,,,
https://uk.trustpilot.com/review/www.odeon.co.uk,,,,,,
https://uk.trustpilot.com/review/www.store.nike.com,,,,,,
https://uk.trustpilot.com/review/www.slimmingworld.co.uk,,,,,,
https://uk.trustpilot.com/review/www.victorianplumbing.co.uk,,,,,,
https://uk.trustpilot.com/review/www.johnlewis.com,,,,,,
https://uk.trustpilot.com/review/www.uk.spacenk.com,,,,,,
https://uk.trustpilot.com/review/www.manchesterairport.co.uk,,,,,,
https://uk.trustpilot.com/review/www.extrafuel.co.uk,,,,,,
https://uk.trustpilot.com/review/www.schuh.co.uk,,,,,,
https://uk.trustpilot.com/review/www.thediamondstore.co.uk,,,,,,
https://uk.trustpilot.com/review/www.lovehoney.co.uk,,,,,,
https://uk.trustpilot.com/review/www.diy.com,,,,,,
https://uk.trustpilot.com/review/www.newcastleairport.com,,,,,,
https://uk.trustpilot.com/review/www.zsl.org,,,,,,
https://uk.trustpilot.com/review/www.boohoo.com,,,,,,
https://uk.trustpilot.com/review/www.britishairways.com,,,,,,
https://uk.trustpilot.com/review/www.ubereats.com,,,,,,
https://uk.trustpilot.com/review/www.wilko.com,,,,,,
https://uk.trustpilot.com/review/www.trailoutdoorleisure.co.uk,,,,,,
https://uk.trustpilot.com/review/www.wickes.co.uk,,,,,,
https://uk.trustpilot.com/review/www.workingclassheroes.co.uk,,,,,,
https://uk.trustpilot.com/review/www.selfridges.com,,,,,,
https://uk.trustpilot.com/review/www.petsathome.com,,,,,,
https://uk.trustpilot.com/review/www.flamingoland.co.uk,,,,,,
https://uk.trustpilot.com/review/www.national.co.uk,,,,,,
https://uk.trustpilot.com/review/www.ryanair.com,,,,,,
https://uk.trustpilot.com/review/www.zalando.co.uk,,,,,,
https://uk.trustpilot.com/review/www.americangolf.co.uk,,,,,,
https://uk.trustpilot.com/review/www.jet2holidays.com,,,,,,
https://uk.trustpilot.com/review/www.subway.co.uk,,,,,,
https://uk.trustpilot.com/review/www.nationaltrust.org.uk,,,,,,
https://uk.trustpilot.com/review/www.smiggle.com.au,,,,,,
https://uk.trustpilot.com/review/www.davidaustinroses.co.uk,,,,,,
https://uk.trustpilot.com/review/www.samsung.com,,,,,,
https://uk.trustpilot.com/review/www.michaelkors.co.uk,,,,,,
https://uk.trustpilot.com/review/www.very.co.uk,,,,,,
https://uk.trustpilot.com/review/www.adidas.co.uk,,,,,,
https://uk.trustpilot.com/review/www.bosch.co.uk,,,,,,
https://uk.trustpilot.com/review/www.jdwetherspoon.co.uk,,,,,,
https://uk.trustpilot.com/review/www.atgtickets.com,,,,,,
https://uk.trustpilot.com/review/www.clarks.co.uk,,,,,,
https://uk.trustpilot.com/review/www.ao.com,,,,,,
https://uk.trustpilot.com/review/www.studio.co.uk,,,,,,
https://uk.trustpilot.com/review/www.concerts-for-carers-launches-to-give-nhs-workers-and-carers-access-to-free-live-events,,,,,,
https://uk.trustpilot.com/review/www.panachekids.co.uk,,,,,,
https://uk.trustpilot.com/review/www.milliescookies.com,,,,,,
https://uk.trustpilot.com/review/www.specsavers.co.uk,,,,,,
https://uk.trustpilot.com/review/www.tesco.com,,,,,,
https://uk.trustpilot.com/review/www.buysubscriptions.com,,,,,,
https://uk.trustpilot.com/review/www.royalcaribbean.co.uk,,,,,,
https://uk.trustpilot.com/review/www.eastmidlandsairport.com,,,,,,
https://uk.trustpilot.com/review/www.yourschooluniform.com,,,,,,
https://uk.trustpilot.com/review/www.outdoorandcountry.co.uk,,,,,,
https://uk.trustpilot.com/review/www.tui.co.uk,,,,,,
https://uk.trustpilot.com/review/www.edinburghzoo.org.uk,,,,,,
https://uk.trustpilot.com/review/www.tkmaxx.com,,,,,,
https://uk.trustpilot.com/review/www.next.co.uk,,,,,,
https://uk.trustpilot.com/review/www.blackcircles.com,,,,,,
https://uk.trustpilot.com/review/www.schooluniformshop.com,,,,,,
https://uk.trustpilot.com/review/www.tgifridays.co.uk,,,,,,
https://uk.trustpilot.com/review/www.pandora.net,,,,,,
https://uk.trustpilot.com/review/www.robertdyas.co.uk,,,,,,
https://uk.trustpilot.com/review/www.sneakerstudio.com,,,,,,
https://uk.trustpilot.com/review/www.longleat.co.uk,,,,,,
https://uk.trustpilot.com/review/www.sportsdirect.com,,,,,,
https://uk.trustpilot.com/review/www.showcasecinemas.co.uk,,,,,,
https://uk.trustpilot.com/review/www.sandcastle-waterpark.co.uk,,,,,,
https://uk.trustpilot.com/review/www.skechers.co.uk,,,,,,
https://uk.trustpilot.com/review/www.cineworld.co.uk,,,,,,
https://uk.trustpilot.com/review/www.cheshirecountyshow.org.uk,,,,,,
https://uk.trustpilot.com/review/www.loungepass.com,,,,,,
https://uk.trustpilot.com/review/www.costa.co.uk,,,,,,
https://uk.trustpilot.com/review/www.kiddies-kingdom.com,,,,,,
https://uk.trustpilot.com/review/www.familyandfriends-railcard.co.uk,,,,,,
https://uk.trustpilot.com/review/www.footasylum.com,,,,,,
https://uk.trustpilot.com/review/www.booking.com,,,,,,
https://uk.trustpilot.com/review/www.davidlloyd.co.uk,,,,,,
https://uk.trustpilot.com/review/www.edfenergy.com,,,,,,
https://uk.trustpilot.com/review/www.firstchoice.co.uk,,,,,,
https://uk.trustpilot.com/review/www.pizzaexpress.com,,,,,,
https://uk.trustpilot.com/review/www.about-us,,,,,,
https://uk.trustpilot.com/review/www.tenpin.co.uk,,,,,,
https://uk.trustpilot.com/review/www.forbiddenplanet.co.uk,,,,,,
https://uk.trustpilot.com/review/www.deliveroo.co.uk,,,,,,
https://uk.trustpilot.com/review/www.thortful.com,,,,,,
https://uk.trustpilot.com/review/www.gatwickparking.com,,,,,,
https://uk.trustpilot.com/review/www.littlewoods.com,,,,,,
https://uk.trustpilot.com/review/www.chemist-4-u.com,,,,,,
https://uk.trustpilot.com/review/www.dfs.co.uk,,,,,,
https://uk.trustpilot.com/review/www.justmylook.com,,,,,,
https://uk.trustpilot.com/review/www.viagogo.co.uk,,,,,,
https://uk.trustpilot.com/review/www.riverisland.com,,,,,,
https://uk.trustpilot.com/review/www.deliveroo.co.uk,,,,,,
https://uk.trustpilot.com/review/www.tlc-direct.co.uk,,,,,,
https://uk.trustpilot.com/review/www.oakfurnitureland.co.uk,,,,,,
https://uk.trustpilot.com/review/www.mcdonalds.co.uk,,,,,,
https://uk.trustpilot.com/review/www.asdatyres.co.uk,,,,,,
https://uk.trustpilot.com/review/www.carpet-underlay-shop.co.uk,,,,,,
https://uk.trustpilot.com/review/www.riu.com,,,,,,
https://uk.trustpilot.com/review/www.swooneditions.com,,,,,,
https://uk.trustpilot.com/review/www.wheelgatepark.com,,,,,,
https://uk.trustpilot.com/review/www.abercrombie.co.uk,,,,,,
https://uk.trustpilot.com/review/www.store.apple.com,,,,,,
https://uk.trustpilot.com/review/www.nowtv.com,,,,,,
https://uk.trustpilot.com/review/www.tigersheds.com,,,,,,
https://uk.trustpilot.com/review/www.pavers.co.uk,,,,,,
https://uk.trustpilot.com/review/www.lidl.co.uk,,,,,,
https://uk.trustpilot.com/review/www.fortnumandmason.com,,,,,,
https://uk.trustpilot.com/review/www.dreams.co.uk,,,,,,
https://uk.trustpilot.com/review/www.soletrader.co.uk,,,,,,
https://uk.trustpilot.com/review/www.attraction-tickets-direct...,,,,,,
https://uk.trustpilot.com/review/www.online4baby.com,,,,,,
https://uk.trustpilot.com/review/www.travelup.com,,,,,,
https://uk.trustpilot.com/review/www.vans.co.uk,,,,,,
https://uk.trustpilot.com/review/www.ncp.co.uk,,,,,,
https://uk.trustpilot.com/review/www.emma-mattress.co.uk,,,,,,
https://uk.trustpilot.com/review/www.thamesclippers.com,,,,,,
https://uk.trustpilot.com/review/www.dudleyzoo.org.uk,,,,,,
https://uk.trustpilot.com/review/www.mandmdirect.com,,,,,,
https://uk.trustpilot.com/review/www.greggs.co.uk,,,,,,
https://uk.trustpilot.com/review/www.romanoriginals.co.uk,,,,,,
https://uk.trustpilot.com/review/www.decathlon.co.uk,,,,,,
https://uk.trustpilot.com/review/www.surfdome.com,,,,,,
https://uk.trustpilot.com/review/www.buyagift.co.uk,,,,,,
https://uk.trustpilot.com/review/www.winstanleysbikes.co.uk,,,,,,
https://uk.trustpilot.com/review/www.norwich-camping.co.uk,,,,,,
https://uk.trustpilot.com/review/www.animeddirect.co.uk,,,,,,
https://uk.trustpilot.com/review/www.thewhitecompany.com,,,,,,
https://uk.trustpilot.com/review/www.greatyorkshireshow.com,,,,,,
https://uk.trustpilot.com/review/www.nutmeg.com,,,,,,
https://uk.trustpilot.com/review/www.childrensalon.com,,,,,,
https://uk.trustpilot.com/review/www.screwfix.com,,,,,,
https://uk.trustpilot.com/review/www.pocruises.com,,,,,,
https://uk.trustpilot.com/review/www.airfrance.com,,,,,,
https://uk.trustpilot.com/review/www.mangoshop.com,,,,,,
https://uk.trustpilot.com/review/www.tripp.co.uk,,,,,,
https://uk.trustpilot.com/review/www.glasgowairport.co.uk,,,,,,
https://uk.trustpilot.com/review/www.sunbingo.com,,,,,,
https://uk.trustpilot.com/review/www.powertoolworld.co.uk,,,,,,
https://uk.trustpilot.com/review/www.beaverbrooks.co.uk,,,,,,
https://uk.trustpilot.com/review/www.virginactive.co.uk,,,,,,
https://uk.trustpilot.com/review/www.eurostar.com,,,,,,
https://uk.trustpilot.com/review/www.legoland.co.uk,,,,,,
https://uk.trustpilot.com/review/www.kwik-fit.com,,,,,,
https://uk.trustpilot.com/review/www.blackpoolpleasurebeach.com,,,,,,
https://uk.trustpilot.com/review/www.bravissimo.com,,,,,,
https://uk.trustpilot.com/review/www.sextoys.com,,,,,,
https://uk.trustpilot.com/review/www.matrix-nutrition.co.uk,,,,,,
https://uk.trustpilot.com/review/www.go.skimresources.com,,,,,,
https://uk.trustpilot.com/review/www.bensonsforbeds.co.uk,,,,,,
https://uk.trustpilot.com/review/www.boden.co.uk,,,,,,
https://uk.trustpilot.com/review/www.dlsb.co.uk,,,,,,
https://uk.trustpilot.com/review/www.hummingbirdbakery.com,,,,,,
https://uk.trustpilot.com/review/www.whipsnadezoo.com,,,,,,
https://uk.trustpilot.com/review/www.primark.co.uk,,,,,,
https://uk.trustpilot.com/review/www.expedia.co.uk,,,,,,
https://uk.trustpilot.com/review/www.nationalrail.co.uk,,,,,,
https://uk.trustpilot.com/review/www.prettylittlething.com,,,,,,
https://uk.trustpilot.com/review/www.givemecosmetics.com,,,,,,
https://uk.trustpilot.com/review/www.rutlandcycling.com,,,,,,
https://uk.trustpilot.com/review/www.marksandspencer.com,,,,,,
https://uk.trustpilot.com/review/www.altontowers.com,,,,,,
https://uk.trustpilot.com/review/www.morrisons.co.uk,,,,,,
https://uk.trustpilot.com/review/www.netflix.com,,,,,,
https://uk.trustpilot.com/review/www.notino.co.uk,,,,,,
https://uk.trustpilot.com/review/www.leedsbradfordairport.co.uk,,,,,,
https://uk.trustpilot.com/review/www.pretavoir.co.uk,,,,,,
https://uk.trustpilot.com/review/www.dominos.co.uk,,,,,,
https://uk.trustpilot.com/review/www.melia.com,,,,,,
https://uk.trustpilot.com/review/www.deichmann.com,,,,,,
https://uk.trustpilot.com/review/www.thetrainline.com,,,,,,
https://uk.trustpilot.com/review/www.webbsdirect.co.uk,,,,,,
https://uk.trustpilot.com/review/www.roarrdinosauradventure.co.uk,,,,,,
https://uk.trustpilot.com/review/www.jadedldn.com,,,,,,
https://uk.trustpilot.com/review/www.allsaints.co.uk,,,,,,
https://uk.trustpilot.com/review/www.birminghamairport.co.uk,,,,,,
https://uk.trustpilot.com/review/www.rugdoctor.com,,,,,,
https://uk.trustpilot.com/review/www.bondara.co.uk,,,,,,
https://uk.trustpilot.com/review/www.newlook.com,,,,,,
https://uk.trustpilot.com/review/www.harrods.com,,,,,,
https://uk.trustpilot.com/review/www.hiltonhonors3.hilton.com,,,,,,
https://uk.trustpilot.com/review/www.karenmillen.com,,,,,,
https://uk.trustpilot.com/review/www.seetickets.com,,,,,,
https://uk.trustpilot.com/review/www.tuclothing.sainsburys.co.uk,,,,,,
https://uk.trustpilot.com/review/www.directline.com,,,,,,
https://uk.trustpilot.com/review/www.leeds-castle.co.uk,,,,,,
https://uk.trustpilot.com/review/www.watchfinder.co.uk,,,,,,
https://uk.trustpilot.com/review/www.cotswoldoutdoor.com,,,,,,
https://uk.trustpilot.com/review/www.harveynichols.com,,,,,,
https://uk.trustpilot.com/review/www.quizclothing.co.uk,,,,,,
https://uk.trustpilot.com/review/www.linzi.com,,,,,,
https://uk.trustpilot.com/review/www.wheelersluxurygifts.com,,,,,,
https://uk.trustpilot.com/review/www.startfitness.co.uk,,,,,,
https://uk.trustpilot.com/review/www.airbnb.com,,,,,,
https://uk.trustpilot.com/review/www.raceclubs.com,,,,,,
https://uk.trustpilot.com/review/www.countryattire.com,,,,,,
https://uk.trustpilot.com/review/www.vision3k.com,,,,,,
https://uk.trustpilot.com/review/www.hrp.org.uktoweroflondon,,,,,,
https://uk.trustpilot.com/review/www.gustorestaurants.uk.com,,,,,,
https://uk.trustpilot.com/review/www.game.co.uk,,,,,,
https://uk.trustpilot.com/review/www.bank.marksandspencer.com,,,,,,
https://uk.trustpilot.com/review/www.pullandbear.com,,,,,,
https://uk.trustpilot.com/review/www.lutonairportparking.com,,,,,,
https://uk.trustpilot.com/review/www.blinds-2go.co.uk,,,,,,
https://uk.trustpilot.com/review/www.uk.megabus.com,,,,,,
https://uk.trustpilot.com/review/www.deciem.com,,,,,,
https://uk.trustpilot.com/review/www.argos.co.uk,,,,,,
https://uk.trustpilot.com/review/www.parkdeanresorts.co.uk,,,,,,
https://uk.trustpilot.com/review/www.evans.co.uk,,,,,,
https://uk.trustpilot.com/review/www.regtransfers.co.uk,,,,,,
https://uk.trustpilot.com/review/www.pagazzi.com,,,,,,
https://uk.trustpilot.com/review/www.bluefinsupboards.com,,,,,,
https://uk.trustpilot.com/review/www.shop.zsl.org,,,,,,
https://uk.trustpilot.com/review/www.myprotein.com,,,,,,
https://uk.trustpilot.com/review/www.colchester-zoo.co.uk,,,,,,
https://uk.trustpilot.com/review/www.scrubsuk.com,,,,,,
https://uk.trustpilot.com/review/www.wallpaperdirect.com,,,,,,
https://uk.trustpilot.com/review/www.stovesareus.co.uk,,,,,,
https://uk.trustpilot.com/review/www.theatreticketsdirect.co.uk,,,,,,
https://uk.trustpilot.com/review/www.ikea.com,,,,,,
https://uk.trustpilot.com/review/www.eurotunnel.com,,,,,,
https://uk.trustpilot.com/review/www.draytonmanor.co.uk,,,,,,
https://uk.trustpilot.com/review/www.dfdsseaways.co.uk,,,,,,
https://uk.trustpilot.com/review/www.giffgaff.com,,,,,,
https://uk.trustpilot.com/review/www.outdoortoysworld.co.uk,,,,,,
https://uk.trustpilot.com/review/www.mandco.com,,,,,,
https://uk.trustpilot.com/review/www.ryanair.com,,,,,,
https://uk.trustpilot.com/review/www.paultonspark.co.uk,,,,,,
https://uk.trustpilot.com/review/www.beerhawk.co.uk,,,,,,
https://uk.trustpilot.com/review/www.scottsmenswear.com,,,,,,
https://uk.trustpilot.com/review/www.footway.co.uk,,,,,,
https://uk.trustpilot.com/review/www.ralphlauren.com,,,,,,
https://uk.trustpilot.com/review/www.shoppourmoi.co.uk,,,,,,
https://uk.trustpilot.com/review/www.locketloves.com,,,,,,
https://uk.trustpilot.com/review/www.stenaline.co.uk,,,,,,
https://uk.trustpilot.com/review/www.jimmychoo.com,,,,,,
https://uk.trustpilot.com/review/www.brittany-ferries.co.uk,,,,,,
https://uk.trustpilot.com/review/www.calvinklein.com,,,,,,
https://uk.trustpilot.com/review/www.maccosmetics.co.uk,,,,,,
https://uk.trustpilot.com/review/www.disneyplus.com,,,,,,
https://uk.trustpilot.com/review/www.garmin.com,,,,,,
https://uk.trustpilot.com/review/www.karcher.co.uk,,,,,,
https://uk.trustpilot.com/review/www.cloudninehair.com,,,,,,
https://uk.trustpilot.com/review/www.jackjones.com,,,,,,
https://uk.trustpilot.com/review/www.britishmuseum.co.uk,,,,,,
https://uk.trustpilot.com/review/www.bookings.liverpoolairport.com,,,,,,
https://uk.trustpilot.com/review/www.gap.co.uk,,,,,,
https://uk.trustpilot.com/review/www.scotrail.co.uk,,,,,,
https://uk.trustpilot.com/review/www.shuttledirect.com,,,,,,
https://uk.trustpilot.com/review/www.footlocker.eu,,,,,,
https://uk.trustpilot.com/review/www.endclothing.co.uk,,,,,,
https://uk.trustpilot.com/review/www.beerwulf.com,,,,,,
https://uk.trustpilot.com/review/www.ultimateoutdoors.com,,,,,,
https://uk.trustpilot.com/review/www.electrical-showroom.co.uk,,,,,,
https://uk.trustpilot.com/review/www.missoma.com,,,,,,
https://uk.trustpilot.com/review/www.moonraker.eu,,,,,,
https://uk.trustpilot.com/review/www.eon-energy.com,,,,,,
https://uk.trustpilot.com/review/www.freemans.com,,,,,,
https://uk.trustpilot.com/review/www.diffusiononline.co.uk,,,,,,
https://uk.trustpilot.com/review/www.chatsworth.org,,,,,,
https://uk.trustpilot.com/review/www.vapeclub.com,,,,,,
https://uk.trustpilot.com/review/www.hotels.com,,,,,,
https://uk.trustpilot.com/review/www.travelrepublic.co.uk,,,,,,
https://uk.trustpilot.com/review/www.gjwdirect.com,,,,,,
https://uk.trustpilot.com/review/www.shein.co.uk,,,,,,
https://uk.trustpilot.com/review/www.weightwatchers.co.uk,,,,,,
https://uk.trustpilot.com/review/www.brabantia.com,,,,,,
https://uk.trustpilot.com/review/www.beauty-scent.com,,,,,,
https://uk.trustpilot.com/review/www.narscosmetics.co.uk,,,,,,
https://uk.trustpilot.com/review/www.emmabridgewater.co.uk,,,,,,
https://uk.trustpilot.com/review/www.ibishotel.co.uk,,,,,,
https://uk.trustpilot.com/review/www.ctshirts.co.uk,,,,,,
https://uk.trustpilot.com/review/www.nationalexpress.com,,,,,,
https://uk.trustpilot.com/review/www.mytoolshed.com,,,,,,
https://uk.trustpilot.com/review/www.thetoyshop.com,,,,,,
https://uk.trustpilot.com/review/www.sofology.co.uk,,,,,,
https://uk.trustpilot.com/review/www.zara.com,,,,,,
https://uk.trustpilot.com/review/www.pebblegrey.co.uk,,,,,,
https://uk.trustpilot.com/review/www.thegamecollection.net,,,,,,
https://uk.trustpilot.com/review/www.ynottreatyourself.co.uk,,,,,,
https://uk.trustpilot.com/review/www.escentual.com,,,,,,
https://uk.trustpilot.com/review/www.frankieandbennys.com,,,,,,
https://uk.trustpilot.com/review/www.silverstone.co.uk,,,,,,
https://uk.trustpilot.com/review/www.food.coop.co.uk,,,,,,
https://uk.trustpilot.com/review/www.laptopoutlet.co.uk,,,,,,
https://uk.trustpilot.com/review/www.edenproject.comshop,,,,,,
https://uk.trustpilot.com/review/www.hollisterco.com,,,,,,
https://uk.trustpilot.com/review/www.onepeloton.co.uk,,,,,,
https://uk.trustpilot.com/review/www.diggerland.com,,,,,,
https://uk.trustpilot.com/review/www.skatehut.co.uk,,,,,,
https://uk.trustpilot.com/review/www.lv.com,,,,,,
https://uk.trustpilot.com/review/www.axparis.com,,,,,,
https://uk.trustpilot.com/review/www.hamptoncourtpalace.co.uk,,,,,,
https://uk.trustpilot.com/review/www.russellandbromley.co.uk,,,,,,
https://uk.trustpilot.com/review/www.skystore.com,,,,,,
https://uk.trustpilot.com/review/www.activitytoysdirect.com,,,,,,
https://uk.trustpilot.com/review/www.eurocarparts.com,,,,,,
https://uk.trustpilot.com/review/www.onthebeach.co.uk,,,,,,
https://uk.trustpilot.com/review/www.caffenero.com,,,,,,
https://uk.trustpilot.com/review/www.wayfair.co.uk,,,,,,
https://uk.trustpilot.com/review/www.huubdesign.com,,,,,,
https://uk.trustpilot.com/review/www.loake.co.uk,,,,,,
https://uk.trustpilot.com/review/www.campingandcaravanningclub.co.uk,,,,,,
https://uk.trustpilot.com/review/www.atseuromaster.co.uk,,,,,,
https://uk.trustpilot.com/review/www.singaporegp.sg,,,,,,
https://uk.trustpilot.com/review/www.turkishairlines.com,,,,,,
https://uk.trustpilot.com/review/www.portmeirion-village.com,,,,,,
https://uk.trustpilot.com/review/www.bonmarche.co.uk,,,,,,
https://uk.trustpilot.com/review/www.ocado.com,,,,,,
https://uk.trustpilot.com/review/www.santapodtickets.com,,,,,,
https://uk.trustpilot.com/review/www.charlies.co.uk,,,,,,
https://uk.trustpilot.com/review/www.park-resorts.com,,,,,,
https://uk.trustpilot.com/review/www.yoox.com,,,,,,
https://uk.trustpilot.com/review/www.practical.co.uk,,,,,,
https://uk.trustpilot.com/review/www.sportsbikeshop.co.uk,,,,,,
https://uk.trustpilot.com/review/www.thorpepark.com,,,,,,
https://uk.trustpilot.com/review/www.crystalski.co.uk,,,,,,
https://uk.trustpilot.com/review/www.attractiontickets.com,,,,,,
https://uk.trustpilot.com/review/www.timberlandonline.co.uk,,,,,,
https://uk.trustpilot.com/review/www.wagamama.com,,,,,,
https://uk.trustpilot.com/review/www.wmc.org.uk,,,,,,
https://uk.trustpilot.com/review/www.cotswoldco.com,,,,,,
https://uk.trustpilot.com/review/www.bluestonewales.com,,,,,,
https://uk.trustpilot.com/review/www.petsathome.com,,,,,,
https://uk.trustpilot.com/review/www.menarys.com,,,,,,
https://uk.trustpilot.com/review/www.itslondon.co.uk,,,,,,
https://uk.trustpilot.com/review/www.cuvva.com,,,,,,
https://uk.trustpilot.com/review/www.office.co.uk,,,,,,
https://uk.trustpilot.com/review/www.accessorize.com,,,,,,
https://uk.trustpilot.com/review/www.getyourguide.com,,,,,,
https://uk.trustpilot.com/review/www.laroche-posay.co.uk,,,,,,
https://uk.trustpilot.com/review/www.yoursclothing.co.uk,,,,,,
https://uk.trustpilot.com/review/www.strada.co.uk,,,,,,
https://uk.trustpilot.com/review/www.champneys.com,,,,,,
https://uk.trustpilot.com/review/www.skybingo.com,,,,,,
https://uk.trustpilot.com/review/www.terracesmenswear.co.uk,,,,,,
https://uk.trustpilot.com/review/www.reiss.com,,,,,,
https://uk.trustpilot.com/review/www.tower-london.com,,,,,,
https://uk.trustpilot.com/review/www.victoriassecret.com,,,,,,
https://uk.trustpilot.com/review/www.haystravel.co.uk,,,,,,
https://uk.trustpilot.com/review/www.cherry-lane.co.uk,,,,,,
https://uk.trustpilot.com/review/www.omdfarm.co.uk,,,,,,
https://uk.trustpilot.com/review/www.reelcinemas.co.uk,,,,,,
https://uk.trustpilot.com/review/www.worldofcamping.co.uk,,,,,,
https://uk.trustpilot.com/review/www.mountainwarehouse.com,,,,,,
https://uk.trustpilot.com/review/www.pettits.com,,,,,,
https://uk.trustpilot.com/review/www.rubbersole.co.uk,,,,,,
https://uk.trustpilot.com/review/www.woburn.co.uk,,,,,,
https://uk.trustpilot.com/review/www.hm.com,,,,,,
https://uk.trustpilot.com/review/www.5pm.co.uk,,,,,,
https://uk.trustpilot.com/review/www.bolt.eu,,,,,,
https://uk.trustpilot.com/review/www.ihg.com,,,,,,
https://uk.trustpilot.com/review/www.cocktaildelivery.co.uk,,,,,,
https://uk.trustpilot.com/review/www.blairdrummond.com,,,,,,
https://uk.trustpilot.com/review/www.iglucruise.com,,,,,,
https://uk.trustpilot.com/review/www.paulsmith.co.uk,,,,,,
https://uk.trustpilot.com/review/www.lookfantastic.com,,,,,,
https://uk.trustpilot.com/review/www.ralphlauren.co.uk,,,,,,
https://uk.trustpilot.com/review/www.screwfix.com,,,,,,
https://uk.trustpilot.com/review/www.phase-eight.co.uk,,,,,,
https://uk.trustpilot.com/review/www.southwesttrains.co.uk,,,,,,
https://uk.trustpilot.com/review/www.cleanyourcar.co.uk,,,,,,
https://uk.trustpilot.com/review/www.myvue.com,,,,,,
https://uk.trustpilot.com/review/www.subsidesports.com,,,,,,
https://uk.trustpilot.com/review/www.vonhaus.com,,,,,,
https://uk.trustpilot.com/review/www.tweekscycles.com,,,,,,
https://uk.trustpilot.com/review/www.forestholidays.co.uk,,,,,,
https://uk.trustpilot.com/review/www.sandownparkracecourse.co.uk,,,,,,
https://uk.trustpilot.com/review/www.just-eat.co.uk,,,,,,
https://uk.trustpilot.com/review/www.sonofsteak.co.uk,,,,,,
https://uk.trustpilot.com/review/www.tombola.co.uk,,,,,,
https://uk.trustpilot.com/review/www.bclm.co.uk,,,,,,
https://uk.trustpilot.com/review/www.monsoon.co.uk,,,,,,
https://uk.trustpilot.com/review/www.shavers.co.uk,,,,,,
https://uk.trustpilot.com/review/www.connox.co.uk,,,,,,
https://uk.trustpilot.com/review/www.english-heritage.org.uk,,,,,,
https://uk.trustpilot.com/review/www.davidaustinroses.co.uk,,,,,,
https://uk.trustpilot.com/review/www.rainbowclub.co.uk,,,,,,
https://uk.trustpilot.com/review/www.iceland.co.uk,,,,,,
https://uk.trustpilot.com/review/www.waitrose.com,,,,,,
https://uk.trustpilot.com/review/www.lufthansa.com,,,,,,
https://uk.trustpilot.com/review/www.discountappliancecentre.com,,,,,,
https://uk.trustpilot.com/review/www.mazeliving.co.uk,,,,,,
https://uk.trustpilot.com/review/www.houseoffraser.co.uk,,,,,,
https://uk.trustpilot.com/review/www.jigsaws.co.uk,,,,,,
https://uk.trustpilot.com/review/www.gooutdoors.co.uk,,,,,,
https://uk.trustpilot.com/review/www.parkcameras.com,,,,,,
https://uk.trustpilot.com/review/www.partypacks.co.uk,,,,,,
https://uk.trustpilot.com/review/www.partydelights.co.uk,,,,,,
https://uk.trustpilot.com/review/www.longchamp.com,,,,,,
https://uk.trustpilot.com/review/www.simplypaving.com,,,,,,
https://uk.trustpilot.com/review/www.allbeauty.com,,,,,,
https://uk.trustpilot.com/review/www.hm.com,,,,,,
https://uk.trustpilot.com/review/www.pizzahut.co.uk,,,,,,
https://uk.trustpilot.com/review/www.homebase.co.uk,,,,,,
https://uk.trustpilot.com/review/www.ecigarettedirect.co.uk,,,,,,
https://uk.trustpilot.com/review/www.raleigh.co.uk,,,,,,
https://uk.trustpilot.com/review/www.susiewatsondesigns.co.uk,,,,,,
https://uk.trustpilot.com/review/www.rfu.com,,,,,,
https://uk.trustpilot.com/review/www.booking.com,,,,,,
https://uk.trustpilot.com/review/www.gruffaloshop.com,,,,,,
https://uk.trustpilot.com/review/www.londonpass.com,,,,,,
https://uk.trustpilot.com/review/www.etsy.com,,,,,,
https://uk.trustpilot.com/review/www.funkypigeon.com,,,,,,
https://uk.trustpilot.com/review/www.gunwharf-quays.com,,,,,,
https://uk.trustpilot.com/review/www.tapsuk.com,,,,,,
https://uk.trustpilot.com/review/www.debenhams.com,,,,,,
https://uk.trustpilot.com/review/www.hungryhorse.co.uk,,,,,,
https://uk.trustpilot.com/review/www.visitsealife.com,,,,,,
https://uk.trustpilot.com/review/www.metrobus.co.uk,,,,,,
https://uk.trustpilot.com/review/www.sandals.co.uk,,,,,,
https://uk.trustpilot.com/review/www.stmichaelsresort.com,,,,,,
https://uk.trustpilot.com/review/www.vodafone.co.uk,,,,,,
https://uk.trustpilot.com/review/www.o2.co.uk,,,,,,
https://uk.trustpilot.com/review/www.microsoft.com,,,,,,
https://uk.trustpilot.com/review/www.air-extreme.co.uk,,,,,,
https://uk.trustpilot.com/review/www.thenorthface.com,,,,,,
https://uk.trustpilot.com/review/www.alnwickgarden.com,,,,,,
https://uk.trustpilot.com/review/www.perfumeprice.co.uk,,,,,,
https://uk.trustpilot.com/review/www.windsor.gov.uk,,,,,,
https://uk.trustpilot.com/review/www.guess.com,,,,,,
https://uk.trustpilot.com/review/www.lizearle.com,,,,,,
https://uk.trustpilot.com/review/www.paigntonzoo.org.uk,,,,,,
https://uk.trustpilot.com/review/www.minky.com,,,,,,
https://uk.trustpilot.com/review/www.royalhotelcardiff.com,,,,,,
https://uk.trustpilot.com/review/www.sundownadventureland.co.uk,,,,,,
https://uk.trustpilot.com/review/www.bupa.co.uk,,,,,,
https://uk.trustpilot.com/review/www.themeatboxcompany.co.uk,,,,,,
https://uk.trustpilot.com/review/www.skechersuk.co.uk,,,,,,
https://uk.trustpilot.com/review/www.rapha.cc,,,,,,
https://uk.trustpilot.com/review/www.freyarose.com,,,,,,
https://uk.trustpilot.com/review/www.shoezone.com,,,,,,
https://uk.trustpilot.com/review/www.avantitravelinsurance.com,,,,,,
https://uk.trustpilot.com/review/www.prezzoplc.co.uk,,,,,,
https://uk.trustpilot.com/review/www.yourtiles.com,,,,,,
https://uk.trustpilot.com/review/www.tredz.co.uk,,,,,,
https://uk.trustpilot.com/review/www.buses.co.uk,,,,,,
https://uk.trustpilot.com/review/www.very.co.uk,,,,,,
https://uk.trustpilot.com/review/www.opticians.asda.com,,,,,,
https://uk.trustpilot.com/review/www.aldi.co.uk,,,,,,
https://uk.trustpilot.com/review/www.ambrosewilson.com,,,,,,
https://uk.trustpilot.com/review/www.vax.co.uk,,,,,,
https://uk.trustpilot.com/review/www.bannatyne.co.uk,,,,,,
https://uk.trustpilot.com/review/www.airbnb.com,,,,,,
https://uk.trustpilot.com/review/www.tools4trade.com,,,,,,
https://uk.trustpilot.com/review/www.laredoute.co.uk,,,,,,
https://uk.trustpilot.com/review/www.bouxavenue.com,,,,,,
https://uk.trustpilot.com/review/www.primrose.co.uk,,,,,,
https://uk.trustpilot.com/review/www.u-drive.co.uk,,,,,,
https://uk.trustpilot.com/review/www.pandora.net,,,,,,
https://uk.trustpilot.com/review/www.whistlepunks.com,,,,,,
https://uk.trustpilot.com/review/www.247blinds.co.uk,,,,,,
https://uk.trustpilot.com/review/www.woolwarehouse.co.uk,,,,,,
https://uk.trustpilot.com/review/www.net-a-porter.com,,,,,,
https://uk.trustpilot.com/review/www.buildabear.co.uk,,,,,,
https://uk.trustpilot.com/review/www.sportsdirect.com,,,,,,
https://uk.trustpilot.com/review/www.twoseasons.com,,,,,,
https://uk.trustpilot.com/review/www.deverevenues.co.uk,,,,,,
https://uk.trustpilot.com/review/www.bedkingdom.co.uk,,,,,,
https://uk.trustpilot.com/review/www.grattan.co.uk,,,,,,
https://uk.trustpilot.com/review/www.knockhatch.com,,,,,,
https://uk.trustpilot.com/review/www.fragrancedirect.co.uk,,,,,,
https://uk.trustpilot.com/review/www.swatch.co.uk,,,,,,
https://uk.trustpilot.com/review/www.bloom-boutique.co.uk,,,,,,
https://uk.trustpilot.com/review/www.twycrosszoo.org,,,,,,
https://uk.trustpilot.com/review/www.chiquito.co.uk,,,,,,
https://uk.trustpilot.com/review/www.halfords.com,,,,,,
https://uk.trustpilot.com/review/www.nealsyardremedies.com,,,,,,
https://uk.trustpilot.com/review/www.manomano.co.uk,,,,,,
https://uk.trustpilot.com/review/www.tickets.aegeurope.com,,,,,,
https://uk.trustpilot.com/review/www.nespresso.com,,,,,,
https://uk.trustpilot.com/review/www.getlaidbeds.com,,,,,,
https://uk.trustpilot.com/review/www.partners.aph.com,,,,,,
https://uk.trustpilot.com/review/www.tiffany.co.uk,,,,,,
https://uk.trustpilot.com/review/www.beefeater.co.uk,,,,,,
https://uk.trustpilot.com/review/www.holidays.easyjet.com,,,,,,
https://uk.trustpilot.com/review/www.uk.intimissimi.com,,,,,,
https://uk.trustpilot.com/review/www.fitflop.co.uk,,,,,,
https://uk.trustpilot.com/review/www.jetparks.co.uk,,,,,,
https://uk.trustpilot.com/review/www.towsure.co.uk,,,,,,
https://uk.trustpilot.com/review/www.lakelovers.co.uk,,,,,,
https://uk.trustpilot.com/review/www.nxbus.co.uk,,,,,,
https://uk.trustpilot.com/review/www.officefurniture.com,,,,,,
https://uk.trustpilot.com/review/www.lakeland.co.uk,,,,,,
https://uk.trustpilot.com/review/www.superdrug.com,,,,,,
https://uk.trustpilot.com/review/www.michaelkors.co.uk,,,,,,
https://uk.trustpilot.com/review/www.sciencemuseumstore.com,,,,,,
https://uk.trustpilot.com/review/www.centerparcs.co.uk,,,,,,
https://uk.trustpilot.com/review/www.reliantdirect.co.uk,,,,,,
https://uk.trustpilot.com/review/www.viovet.co.uk,,,,,,
https://uk.trustpilot.com/review/www.manchesterairport.co.uk,,,,,,
https://uk.trustpilot.com/review/www.the-crystal-maze.com,,,,,,
https://uk.trustpilot.com/review/www.thejockeyclub.co.uk,,,,,,
https://uk.trustpilot.com/review/www.toniandguy.com,,,,,,
https://uk.trustpilot.com/review/www.adanola.com,,,,,,
https://uk.trustpilot.com/review/www.marwell.org.uk,,,,,,
https://uk.trustpilot.com/review/www.allcleartravel.co.uk,,,,,,
https://uk.trustpilot.com/review/www.coutureliving.com,,,,,,
https://uk.trustpilot.com/review/www.jdsports.co.uk,,,,,,
https://uk.trustpilot.com/review/www.inthestyle.com,,,,,,
https://uk.trustpilot.com/review/www.zalando.co.uk,,,,,,
https://uk.trustpilot.com/review/www.accessorize.com,,,,,,
https://uk.trustpilot.com/review/www.woodhouseclothing.com,,,,,,
https://uk.trustpilot.com/review/www.gousto.co.uk,,,,,,
https://uk.trustpilot.com/review/www.tjhughes.co.uk,,,,,,
https://uk.trustpilot.com/review/www.shirtbox.co.uk,,,,,,
https://uk.trustpilot.com/review/www.dhl.co.uk,,,,,,
https://uk.trustpilot.com/review/www.houseofmalt.co.uk,,,,,,
https://uk.trustpilot.com/review/www.moonpig.com,,,,,,
https://uk.trustpilot.com/review/www.housingunits.co.uk,,,,,,
https://uk.trustpilot.com/review/www.sugarhillbrighton.com,,,,,,
https://uk.trustpilot.com/review/www.virgin-atlantic.com,,,,,,
https://uk.trustpilot.com/review/www.mytheresa.com,,,,,,
https://uk.trustpilot.com/review/www.expresstrainers.com,,,,,,
https://uk.trustpilot.com/review/www.abparking.co.uk,,,,,,
https://uk.trustpilot.com/review/www.blueplanetaquarium.com,,,,,,
https://uk.trustpilot.com/review/www.carluccios.com,,,,,,
https://uk.trustpilot.com/review/www.sunshine.com,,,,,,
https://uk.trustpilot.com/review/www.norfolkhideaways.co.uk,,,,,,
https://uk.trustpilot.com/review/www.shop.peppapigworld.co.uk,,,,,,
https://uk.trustpilot.com/review/www.whistles.co.uk,,,,,,
https://uk.trustpilot.com/review/www.vistaprint.co.uk,,,,,,
https://uk.trustpilot.com/review/www.jackwills.com,,,,,,
https://uk.trustpilot.com/review/www.chichiclothing.com,,,,,,
https://uk.trustpilot.com/review/www.disneyholidays.co.uk,,,,,,
https://uk.trustpilot.com/review/www.cornishcottageholidays.co.uk,,,,,,
https://uk.trustpilot.com/review/www.foliosociety.com,,,,,,
https://uk.trustpilot.com/review/www.liverpool-airport-parking.co.uk,,,,,,
https://uk.trustpilot.com/review/www.uber.com,,,,,,
https://uk.trustpilot.com/review/www.newbalance.co.uk,,,,,,
https://uk.trustpilot.com/review/www.paversshoes.co.uk,,,,,,
https://uk.trustpilot.com/review/www.hardrock.com,,,,,,
https://uk.trustpilot.com/review/www.disneylandparis.com,,,,,,
https://uk.trustpilot.com/review/www.gardenstreet.co.uk,,,,,,
https://uk.trustpilot.com/review/www.mabiefarmpark.co.uk,,,,,,
https://uk.trustpilot.com/review/www.gulliversworldresort.co.uk,,,,,,
https://uk.trustpilot.com/review/www.devonvalleyholidays.co.uk,,,,,,
https://uk.trustpilot.com/review/www.rexlondon.com,,,,,,
https://uk.trustpilot.com/review/www.trentham.co.uk,,,,,,
https://uk.trustpilot.com/review/www.temptationgifts.com,,,,,,
https://uk.trustpilot.com/review/www.everymanracing.co.uk,,,,,,
https://uk.trustpilot.com/review/www.basefashion.co.uk,,,,,,
https://uk.trustpilot.com/review/www.bootsopticians.com,,,,,,
https://uk.trustpilot.com/review/www.nastygal.com,,,,,,
https://uk.trustpilot.com/review/www.urbanoutfitters.co.uk,,,,,,
https://uk.trustpilot.com/review/www.virginholidays.co.uk,,,,,,
https://uk.trustpilot.com/review/www.sportsshoes.com,,,,,,
https://uk.trustpilot.com/review/www.hotels.com,,,,,,
https://uk.trustpilot.com/review/www.arrivabus.co.uk,,,,,,
https://uk.trustpilot.com/review/www.cote-restaurants.co.uk,,,,,,
https://uk.trustpilot.com/review/www.mamasandpapas.com,,,,,,
https://uk.trustpilot.com/review/www.livefootballtickets.com,,,,,,
https://uk.trustpilot.com/review/www.mulberry.com,,,,,,
https://uk.trustpilot.com/review/www.samsonite.co.uk,,,,,,
https://uk.trustpilot.com/review/www.vetuk.co.uk,,,,,,
https://uk.trustpilot.com/review/www.thejewelhut.co.uk,,,,,,
https://uk.trustpilot.com/review/www.totalfitness.co.uk,,,,,,
https://uk.trustpilot.com/review/www.privacy-policy,,,,,,
https://uk.trustpilot.com/review/www.edinburghairport.com,,,,,,
https://uk.trustpilot.com/review/www.crocs.co.uk,,,,,,
https://uk.trustpilot.com/review/www.zizzi.co.uk,,,,,,
https://uk.trustpilot.com/review/www.stevemadden.com,,,,,,
https://uk.trustpilot.com/review/www.schuh.co.uk,,,,,,
https://uk.trustpilot.com/review/www.waltons.co.uk,,,,,,
https://uk.trustpilot.com/review/www.viviennewestwood.co.uk,,,,,,
https://uk.trustpilot.com/review/www.corushotels.com,,,,,,
https://uk.trustpilot.com/review/www.necclassicmotorshow.com,,,,,,
https://uk.trustpilot.com/review/www.empirecinemas.co.uk,,,,,,
https://uk.trustpilot.com/review/www.baukjen.com,,,,,,
https://uk.trustpilot.com/review/www.wbshop.com,,,,,,
https://uk.trustpilot.com/review/www.eurochange.co.uk,,,,,,
https://uk.trustpilot.com/review/www.ltmuseum.co.uk,,,,,,
https://uk.trustpilot.com/review/www.corsets-uk.com,,,,,,
https://uk.trustpilot.com/review/www.cheddargorge.co.uk,,,,,,
https://uk.trustpilot.com/review/www.thedeep.co.uk,,,,,,
https://uk.trustpilot.com/review/www.advancedheadphones.co.uk,,,,,,
https://uk.trustpilot.com/review/www.bigweekends.com,,,,,,
https://uk.trustpilot.com/review/www.broadbandchoices.co.uk,,,,,,
https://uk.trustpilot.com/review/www.parkgrandlondon.com,,,,,,
https://uk.trustpilot.com/review/www.booking.com,,,,,,
https://uk.trustpilot.com/review/www.ikea.com,,,,,,
https://uk.trustpilot.com/review/www.sainsburys.co.uk,,,,,,
https://uk.trustpilot.com/review/www.marsdens.co.uk,,,,,,
https://uk.trustpilot.com/review/www.thebodycoach.com,,,,,,
https://uk.trustpilot.com/review/www.newlook.com,,,,,,
https://uk.trustpilot.com/review/www.chillysbottles.com,,,,,,
https://uk.trustpilot.com/review/www.z.co.uk,,,,,,
https://uk.trustpilot.com/review/www.emirates.com,,,,,,
https://uk.trustpilot.com/review/www.lightwatervalley.co.uk,,,,,,
https://uk.trustpilot.com/review/www.ring.com,,,,,,
https://uk.trustpilot.com/review/www.needleandthread.com,,,,,,
https://uk.trustpilot.com/review/www.octopus.energy,,,,,,
https://uk.trustpilot.com/review/www.my-furniture.com,,,,,,
https://uk.trustpilot.com/review/www.redfunnel.co.uk,,,,,,
https://uk.trustpilot.com/review/www.lilysilk.com,,,,,,
https://uk.trustpilot.com/review/www.criteriumcycles.co.uk,,,,,,
https://uk.trustpilot.com/review/www.crazypricebeds.com,,,,,,
https://uk.trustpilot.com/review/www.slimmingworld.co.uk,,,,,,
https://uk.trustpilot.com/review/www.riverisland.com,,,,,,
https://uk.trustpilot.com/review/www.appliancesdirect.co.uk,,,,,,
https://uk.trustpilot.com/review/www.winfieldsmegastore.com,,,,,,
https://uk.trustpilot.com/review/www.littlebird.co.uk,,,,,,
https://uk.trustpilot.com/review/www.joules.com,,,,,,
https://uk.trustpilot.com/review/www.boots.com,,,,,,
https://uk.trustpilot.com/review/www.awayresorts.co.uk,,,,,,
https://uk.trustpilot.com/review/www.manieredevoir.com,,,,,,
https://uk.trustpilot.com/review/www.expresschemist.co.uk,,,,,,
https://uk.trustpilot.com/review/www.purpleparking.com,,,,,,
https://uk.trustpilot.com/review/www.dietchef.co.uk,,,,,,
https://uk.trustpilot.com/review/www.victorious.shop,,,,,,
https://uk.trustpilot.com/review/www.prodirectrugby.co.uk,,,,,,
https://uk.trustpilot.com/review/www.thomassabo.com,,,,,,
https://uk.trustpilot.com/review/www.steiffteddybears.co.uk,,,,,,
https://uk.trustpilot.com/review/www.wrenkitchens.com,,,,,,
https://uk.trustpilot.com/review/www.asos.com,,,,,,
https://uk.trustpilot.com/review/www.tropicskincare.com,,,,,,
https://uk.trustpilot.com/review/www.beautybase.co.uk,,,,,,
https://uk.trustpilot.com/review/www.prodirectsoccer.com,,,,,,
https://uk.trustpilot.com/review/www.norwegian.com,,,,,,
https://uk.trustpilot.com/review/www.radley.co.uk,,,,,,
https://uk.trustpilot.com/review/www.easyjet.com,,,,,,
https://uk.trustpilot.com/review/www.liverugbytickets.co.uk,,,,,,
https://uk.trustpilot.com/review/www.micro-scooters.co.uk,,,,,,
https://uk.trustpilot.com/review/www.swarovski.com,,,,,,
https://uk.trustpilot.com/review/www.marriott.co.uk,,,,,,
https://uk.trustpilot.com/review/www.postoffice.co.uk,,,,,,
https://uk.trustpilot.com/review/www.harrisdistillery.com,,,,,,
https://uk.trustpilot.com/review/www.resultswithlucy.com,,,,,,
https://uk.trustpilot.com/review/www.chillysbottles.com,,,,,,
https://uk.trustpilot.com/review/www.dpskiphire.com,,,,,,
https://uk.trustpilot.com/review/www.rbge.org.uk,,,,,,
https://uk.trustpilot.com/review/www.deepseaworld.com,,,,,,
https://uk.trustpilot.com/review/www.rattangardenfurniture.co.uk,,,,,,
https://uk.trustpilot.com/review/www.victoriassecret.com,,,,,,
https://uk.trustpilot.com/review/www.converse.com,,,,,,
https://uk.trustpilot.com/review/www.britanniahotels.com,,,,,,
https://uk.trustpilot.com/review/www.simplyhealth.co.ukdentalplan,,,,,,
https://uk.trustpilot.com/review/www.theviewfromtheshard.com,,,,,,
https://uk.trustpilot.com/review/www.frenchconnection.com,,,,,,
https://uk.trustpilot.com/review/www.hawkersco.co.uk,,,,,,
https://uk.trustpilot.com/review/www.subway.co.uk,,,,,,
https://uk.trustpilot.com/review/www.jorvik-viking-centre.co.uk,,,,,,
https://uk.trustpilot.com/review/www.aerlingus.com,,,,,,
https://uk.trustpilot.com/review/www.goape.co.uk,,,,,,
https://uk.trustpilot.com/review/www.outlet.asics.com,,,,,,
https://uk.trustpilot.com/review/www.endeavourtactical.co.uk,,,,,,
https://uk.trustpilot.com/review/www.hatchetharrys.co.uk,,,,,,
https://uk.trustpilot.com/review/www.twinlakespark.co.uk,,,,,,
https://uk.trustpilot.com/review/www.travelluggagecabinbags.com,,,,,,
https://uk.trustpilot.com/review/www.roxy-uk.co.uk,,,,,,
https://uk.trustpilot.com/review/www.yotoplay.com,,,,,,
https://uk.trustpilot.com/review/www.andertons.co.uk,,,,,,
https://uk.trustpilot.com/review/www.golfcare.co.uk,,,,,,
https://uk.trustpilot.com/review/www.babygo.uk,,,,,,
https://uk.trustpilot.com/review/www.prodirecttennis.com,,,,,,
https://uk.trustpilot.com/review/www.gardenersworld.commagazine,,,,,,
https://uk.trustpilot.com/review/www.warnerleisurehotels.co.uk,,,,,,
https://uk.trustpilot.com/review/www.worldofpower.co.uk,,,,,,
https://uk.trustpilot.com/review/www.harvester.co.uk,,,,,,
https://uk.trustpilot.com/review/www.st-pauls.co.uk,,,,,,
https://uk.trustpilot.com/review/www.store.liverpoolfc.tv,,,,,,
https://uk.trustpilot.com/review/www.attwoolls.co.uk,,,,,,
https://uk.trustpilot.com/review/www.alexandra.co.uk,,,,,,
https://uk.trustpilot.com/review/www.citycruises.com,,,,,,
https://uk.trustpilot.com/review/www.rxsport.co.uk,,,,,,
https://uk.trustpilot.com/review/www.appliancesdirect.co.uk,,,,,,
https://uk.trustpilot.com/review/www.jaqueslondon.com,,,,,,
https://uk.trustpilot.com/review/www.astridandmiyu.com,,,,,,
https://uk.trustpilot.com/review/www.hobbycraft.co.uk,,,,,,
https://uk.trustpilot.com/review/www.footlocker.eu,,,,,,
https://uk.trustpilot.com/review/www.plumbnation.co.uk,,,,,,
https://uk.trustpilot.com/review/www.tlcdirect.org,,,,,,
https://uk.trustpilot.com/review/www.quizclothing.co.uk,,,,,,
https://uk.trustpilot.com/review/www.weber.co.uk,,,,,,
https://uk.trustpilot.com/review/www.no1lounges.com,,,,,,
https://uk.trustpilot.com/review/www.oxfam.org.uk,,,,,,
https://uk.trustpilot.com/review/www.eurostar.com,,,,,,
https://uk.trustpilot.com/review/www.hsamuel.co.uk,,,,,,
https://uk.trustpilot.com/review/www.swooneditions.com,,,,,,
https://uk.trustpilot.com/review/www.allplants.com,,,,,,
https://uk.trustpilot.com/review/www.just-eat.co.uk,,,,,,
https://uk.trustpilot.com/review/www.timpson.co.uk,,,,,,
https://uk.trustpilot.com/review/www.tgifridays.co.uk,,,,,,
https://uk.trustpilot.com/review/www.pavers.co.uk,,,,,,
https://uk.trustpilot.com/review/www.riverford.co.uk,,,,,,
https://uk.trustpilot.com/review/www.myhotels.com,,,,,,
https://uk.trustpilot.com/review/www.theaa.com,,,,,,
https://uk.trustpilot.com/review/www.sodastream.co.uk,,,,,,
https://uk.trustpilot.com/review/www.cookfood.net,,,,,,
https://uk.trustpilot.com/review/www.thesolarcentre.co.uk,,,,,,
https://uk.trustpilot.com/review/www.easyhotel.com,,,,,,
https://uk.trustpilot.com/review/www.sonicdirect.co.uk,,,,,,
https://uk.trustpilot.com/review/www.waverleyexcursions.co.uk,,,,,,
https://uk.trustpilot.com/review/www.rigbyandpeller.com,,,,,,
https://uk.trustpilot.com/review/www.diy.com,,,,,,
https://uk.trustpilot.com/review/www.waterford.co.uk,,,,,,
https://uk.trustpilot.com/review/www.thewoolroom.com,,,,,,
https://uk.trustpilot.com/review/www.ninjakitchen.co.uk,,,,,,
https://uk.trustpilot.com/review/www.doubleboxedtoys.com,,,,,,
https://uk.trustpilot.com/review/www.atlanticshopping.co.uk,,,,,,
https://uk.trustpilot.com/review/www.moonpig.com,,,,,,
https://uk.trustpilot.com/review/www.tmlewin.com,,,,,,
https://uk.trustpilot.com/review/www.canadianaffair.com,,,,,,
https://uk.trustpilot.com/review/www.debenhams.com,,,,,,
https://uk.trustpilot.com/review/www.leisurelakesbikes.com,,,,,,
https://uk.trustpilot.com/review/www.stance.eu.com,,,,,,
https://uk.trustpilot.com/review/www.mamasandpapas.com,,,,,,
https://uk.trustpilot.com/review/www.simplybe.co.uk,,,,,,
https://uk.trustpilot.com/review/www.xlmoto.co.uk,,,,,,
https://uk.trustpilot.com/review/www.groceries.asda.com,,,,,,
https://uk.trustpilot.com/review/www.outdoorkit.co.uk,,,,,,
https://uk.trustpilot.com/review/www.outdooraction.co.uk,,,,,,
https://uk.trustpilot.com/review/www.lawnmowers-uk.co.uk,,,,,,
https://uk.trustpilot.com/review/www.parking.stanstedairport.com,,,,,,
https://uk.trustpilot.com/review/www.ironmongerydirect.co.uk,,,,,,
https://uk.trustpilot.com/review/www.trustpilot.com,,,,,,
https://uk.trustpilot.com/review/www.feelgoodcontacts.com,,,,,,
https://uk.trustpilot.com/review/www.currys.co.uk,,,,,,
https://uk.trustpilot.com/review/www.mikesdivestore.com,,,,,,
https://uk.trustpilot.com/review/www.skyscanner.net,,,,,,
https://uk.trustpilot.com/review/www.okdo.com,,,,,,
https://uk.trustpilot.com/review/www.utterlypersonal.co.uk,,,,,,
https://uk.trustpilot.com/review/www.mandco.com,,,,,,
https://uk.trustpilot.com/review/www.wiggle.co.uk,,,,,,
https://uk.trustpilot.com/review/www.jamesvillas.co.uk,,,,,,
https://uk.trustpilot.com/review/www.stevenbrownart.co.uk,,,,,,
https://uk.trustpilot.com/review/www.virginmedia.com,,,,,,
https://uk.trustpilot.com/review/www.maxphoto.co.uk,,,,,,
https://uk.trustpilot.com/review/www.izabel.com,,,,,,
https://uk.trustpilot.com/review/www.flannels.com,,,,,,
https://uk.trustpilot.com/review/www.jet2holidays.com,,,,,,
https://uk.trustpilot.com/review/www.skechers.co.uk,,,,,,
https://uk.trustpilot.com/review/www.toms.co.uk,,,,,,
https://uk.trustpilot.com/review/www.easyjet.com,,,,,,
https://uk.trustpilot.com/review/www.campusgifts.co.uk,,,,,,
https://uk.trustpilot.com/review/www.levi.com,,,,,,
https://uk.trustpilot.com/review/www.printerland.co.uk,,,,,,
https://uk.trustpilot.com/review/www.romanoriginals.co.uk,,,,,,
https://uk.trustpilot.com/review/www.brandalley.co.uk,,,,,,
https://uk.trustpilot.com/review/www.merityre.co.uk,,,,,,
https://uk.trustpilot.com/review/www.affordablemobiles.co.uk,,,,,,
https://uk.trustpilot.com/review/www.footasylum.com,,,,,,
https://uk.trustpilot.com/review/www.oakwoodthemepark.co.uk,,,,,,
https://uk.trustpilot.com/review/www.jetskisafaris.co.uk,,,,,,
https://uk.trustpilot.com/review/www.victoriabeckham.com,,,,,,
https://uk.trustpilot.com/review/www.beaulieu.co.uk,,,,,,
https://uk.trustpilot.com/review/www.bonmarche.co.uk,,,,,,
https://uk.trustpilot.com/review/www.shop.lego.com,,,,,,
https://uk.trustpilot.com/review/www.tranzitt.co.uk,,,,,,
https://uk.trustpilot.com/review/www.oddsfarm.co.uk,,,,,,
https://uk.trustpilot.com/review/www.amazon.co.uk,,,,,,
https://uk.trustpilot.com/review/www.worldstores.co.uk,,,,,,
https://uk.trustpilot.com/review/www.zoom.co.uk,,,,,,
https://uk.trustpilot.com/review/www.jigsaw-online.com,,,,,,
https://uk.trustpilot.com/review/www.ibiza-spotlight.com,,,,,,
https://uk.trustpilot.com/review/www.kitandkaboodal.co.uk,,,,,,
https://uk.trustpilot.com/review/www.westwoodsfootwear.co.uk,,,,,,
https://uk.trustpilot.com/review/www.megabus.com,,,,,,
https://uk.trustpilot.com/review/www.mcdonalds.co.uk,,,,,,
https://uk.trustpilot.com/review/www.gillyhicks.com,,,,,,
https://uk.trustpilot.com/review/www.thefragranceshop.co.uk,,,,,,
https://uk.trustpilot.com/review/www.harrods.com,,,,,,
https://uk.trustpilot.com/review/www.gak.co.uk,,,,,,
https://uk.trustpilot.com/review/www.kew.orgvisit-kew-gardens,,,,,,
https://uk.trustpilot.com/review/www.hollywoodbowl.co.uk,,,,,,
https://uk.trustpilot.com/review/www.prodirectrunning.com,,,,,,
https://uk.trustpilot.com/review/www.krispykreme.co.uk,,,,,,
https://uk.trustpilot.com/review/www.monsoon.co.uk,,,,,,
https://uk.trustpilot.com/review/www.chelseapeersnyc.com,,,,,,
https://uk.trustpilot.com/review/www.bigbobblehats.co.uk,,,,,,
https://uk.trustpilot.com/review/www.finnair.com,,,,,,
https://uk.trustpilot.com/review/www.cyclesolutions.co.uk,,,,,,
https://uk.trustpilot.com/review/www.hollandandbarrett.com,,,,,,
https://uk.trustpilot.com/review/www.vidaxl.co.uk,,,,,,
https://uk.trustpilot.com/review/www.truffleshuffle.co.uk,,,,,,
https://uk.trustpilot.com/review/www.flexitags.co.uk,,,,,,
https://uk.trustpilot.com/review/www.watchshop.com,,,,,,
https://uk.trustpilot.com/review/www.littlefieldsfarm.com,,,,,,
https://uk.trustpilot.com/review/www.welovefrugi.com,,,,,,
https://uk.trustpilot.com/review/www.sykes-holiday-cottages,,,,,,
https://uk.trustpilot.com/review/www.martialartshop.co.uk,,,,,,
https://uk.trustpilot.com/review/www.kidselectriccars.com,,,,,,
https://uk.trustpilot.com/review/www.smythson.com,,,,,,
https://uk.trustpilot.com/review/www.wickes.co.uk,,,,,,
https://uk.trustpilot.com/review/www.skopes.co.uk,,,,,,
https://uk.trustpilot.com/review/www.backinaction.co.uk,,,,,,
https://uk.trustpilot.com/review/www.nadinemerabi.com,,,,,,
https://uk.trustpilot.com/review/www.bigdug.co.uk,,,,,,
https://uk.trustpilot.com/review/www.qatarairways.com,,,,,,
https://uk.trustpilot.com/review/www.specsavers.co.uk,,,,,,
https://uk.trustpilot.com/review/www.charlottetilbury.com,,,,,,
https://uk.trustpilot.com/review/www.jdwilliams.co.uk,,,,,,
https://uk.trustpilot.com/review/www.abercrombie.com,,,,,,
https://uk.trustpilot.com/review/www.adenandanais.co.uk,,,,,,
https://uk.trustpilot.com/review/www.twinings.com,,,,,,
https://uk.trustpilot.com/review/www.fatface.com,,,,,,
https://uk.trustpilot.com/review/www.harveywatersofteners.co.uk,,,,,,
https://uk.trustpilot.com/review/www.rockyhorror.co.uk,,,,,,
https://uk.trustpilot.com/review/www.justtravelcover.com,,,,,,
https://uk.trustpilot.com/review/www.veromoda.com,,,,,,
https://uk.trustpilot.com/review/www.ullswater-steamers.co.uk,,,,,,
https://uk.trustpilot.com/review/www.forbiddenplanet.co.uk,,,,,,
https://uk.trustpilot.com/review/www.stories.com,,,,,,
https://uk.trustpilot.com/review/www.newlook.com,,,,,,
https://uk.trustpilot.com/review/www.moonpig.com,,,,,,
https://uk.trustpilot.com/review/www.prodirectsoccer.com,,,,,,
https://uk.trustpilot.com/review/www.therealgreek.com,,,,,,
https://uk.trustpilot.com/review/www.heathrow.com,,,,,,
https://uk.trustpilot.com/review/www.inthestyle.com,,,,,,
https://uk.trustpilot.com/review/www.trutex.com,,,,,,
https://uk.trustpilot.com/review/www.interflora.co.uk,,,,,,
https://uk.trustpilot.com/review/www.hobsons-brewery.co.uk,,,,,,
https://uk.trustpilot.com/review/www.estarli.co.uk,,,,,,
https://uk.trustpilot.com/review/www.manchesterairport.co.uk,,,,,,
https://uk.trustpilot.com/review/www.parkcameras.com,,,,,,
https://uk.trustpilot.com/review/www.bouxavenue.com,,,,,,
https://uk.trustpilot.com/review/www.golf-xpress.com,,,,,,
https://uk.trustpilot.com/review/www.therainforestcafe.co.uk,,,,,,
https://uk.trustpilot.com/review/www.yamahashoponline.com,,,,,,
https://uk.trustpilot.com/review/www.neptune.com,,,,,,
https://uk.trustpilot.com/review/www.argento.co.uk,,,,,,
https://uk.trustpilot.com/review/www.spotify.com,,,,,,
https://uk.trustpilot.com/review/www.homebargains.co.uk,,,,,,
https://uk.trustpilot.com/review/www.lottogo.com,,,,,,
https://uk.trustpilot.com/review/www.swarovskicrystal.co.uk,,,,,,
https://uk.trustpilot.com/review/www.fetchitbags.co.uk,,,,,,
https://uk.trustpilot.com/review/www.elitesaddlery.co.uk,,,,,,
https://uk.trustpilot.com/review/www.cadburyworld.co.uk,,,,,,
https://uk.trustpilot.com/review/www.housingunits.co.uk,,,,,,
https://uk.trustpilot.com/review/www.pizzagogo.co.uk,,,,,,
https://uk.trustpilot.com/review/www.selfridges.com,,,,,,
https://uk.trustpilot.com/review/www.ubereats.com,,,,,,
https://uk.trustpilot.com/review/www.londontheatredirect.com,,,,,,
https://uk.trustpilot.com/review/www.village-hotels.co.uk,,,,,,
https://uk.trustpilot.com/review/www.lovehoney.co.uk,,,,,,
https://uk.trustpilot.com/review/www.dotcomblinds.com,,,,,,
https://uk.trustpilot.com/review/www.zsl.org,,,,,,
https://uk.trustpilot.com/review/www.beatsbydre.com,,,,,,
https://uk.trustpilot.com/review/www.lavishalice.co.uk,,,,,,
https://uk.trustpilot.com/review/www.gardeningdirect.co.uk,,,,,,
https://uk.trustpilot.com/review/www.jdsports.co.uk,,,,,,
https://uk.trustpilot.com/review/www.superga.co.uk,,,,,,
https://uk.trustpilot.com/review/www.zsl.org,,,,,,
https://uk.trustpilot.com/review/www.pushchairsandcarseats.com,,,,,,
https://uk.trustpilot.com/review/www.raileurope.co.uk,,,,,,
https://uk.trustpilot.com/review/www.rokalondon.com,,,,,,
https://uk.trustpilot.com/review/www.rockreef.co.uk,,,,,,
https://uk.trustpilot.com/review/www.toffeln.shop,,,,,,
https://uk.trustpilot.com/review/www.hobbs.co.uk,,,,,,
https://uk.trustpilot.com/review/www.monsoon.co.uk,,,,,,
https://uk.trustpilot.com/review/www.vonhaus.com,,,,,,
https://uk.trustpilot.com/review/www.dockandbay.com,,,,,,
https://uk.trustpilot.com/review/www.cosstores.com,,,,,,
https://uk.trustpilot.com/review/www.cyberjammies.co.uk,,,,,,
https://uk.trustpilot.com/review/www.ralphlauren.com,,,,,,
https://uk.trustpilot.com/review/www.redbubble.com,,,,,,
https://uk.trustpilot.com/review/www.theperfumeshop.com,,,,,,
https://uk.trustpilot.com/review/www.meandem.com,,,,,,
https://uk.trustpilot.com/review/www.tescomobile.com,,,,,,
https://uk.trustpilot.com/review/www.adventuretoys.co.uk,,,,,,
https://uk.trustpilot.com/review/www.festivaloutlet.co.uk,,,,,,
https://uk.trustpilot.com/review/www.marksandspencer.com,,,,,,
https://uk.trustpilot.com/review/www.jungleparc.co.uk,,,,,,
https://uk.trustpilot.com/review/www.wayfair.co.uk,,,,,,
https://uk.trustpilot.com/review/www.royalhorticulturalsocietyrhs.co.uk,,,,,,
https://uk.trustpilot.com/review/www.meandem.com,,,,,,
https://uk.trustpilot.com/review/www.victorianplumbing.co.uk,,,,,,
https://uk.trustpilot.com/review/www.hobbycraft.co.uk,,,,,,
https://uk.trustpilot.com/review/www.amfbowling.co.uk,,,,,,
https://uk.trustpilot.com/review/www.jolie.co.uk,,,,,,
https://uk.trustpilot.com/review/www.gravitylife.co.uk,,,,,,
https://uk.trustpilot.com/review/www.thewhitecompany.com,,,,,,
https://uk.trustpilot.com/review/www.nicolajane.com,,,,,,
https://uk.trustpilot.com/review/www.thenorthface.com,,,,,,
https://uk.trustpilot.com/review/www.liberty-flights.co.uk,,,,,,
https://uk.trustpilot.com/review/www.semichem.co.uk,,,,,,
https://uk.trustpilot.com/review/www.wookey.co.uk,,,,,,
https://uk.trustpilot.com/review/www.sonos.com,,,,,,
https://uk.trustpilot.com/review/www.tesco.com,,,,,,
https://uk.trustpilot.com/review/www.boots.com,,,,,,
https://uk.trustpilot.com/review/www.lush.co.uk,,,,,,
https://uk.trustpilot.com/review/www.linzi.com,,,,,,
https://uk.trustpilot.com/review/www.winchcombefarm.co.uk,,,,,,
https://uk.trustpilot.com/review/www.ao.com,,,,,,
https://uk.trustpilot.com/review/www.3retro.com,,,,,,
https://uk.trustpilot.com/review/www.campingandleisure.co.uk,,,,,,
https://uk.trustpilot.com/review/www.gardenchic.co.uk,,,,,,
https://uk.trustpilot.com/review/www.online4baby.com,,,,,,
https://uk.trustpilot.com/review/www.123-reg.co.uk,,,,,,
https://uk.trustpilot.com/review/www.ikrush.co.uk,,,,,,
https://uk.trustpilot.com/review/www.mrporter.com,,,,,,
https://uk.trustpilot.com/review/www.trion.appcblue-light-card,,,,,,
https://uk.trustpilot.com/review/www.zooplus.co.uk,,,,,,
https://uk.trustpilot.com/review/www.carpetright.co.uk,,,,,,
https://uk.trustpilot.com/review/www.brentcross.co.uk,,,,,,
https://uk.trustpilot.com/review/www.ukbathrooms.com,,,,,,
https://uk.trustpilot.com/review/www.thetrainline.com,,,,,,
https://uk.trustpilot.com/review/www.carphonewarehouse.com,,,,,,
https://uk.trustpilot.com/review/www.lner.co.uk,,,,,,
https://uk.trustpilot.com/review/www.valueshop.co.uk,,,,,,
https://uk.trustpilot.com/review/www.vehiclematsuk.com,,,,,,
https://uk.trustpilot.com/review/www.medisave.co.uk,,,,,,
https://uk.trustpilot.com/review/www.premiairparkingedinburgh.co.uk,,,,,,
https://uk.trustpilot.com/review/www.checkfootballtickets.com,,,,,,
https://uk.trustpilot.com/review/www.interflora.co.uk,,,,,,
https://uk.trustpilot.com/review/www.thetrainline.com,,,,,,
https://uk.trustpilot.com/review/www.cadburyworld.co.uk,,,,,,
https://uk.trustpilot.com/review/www.lisaangel.co.uk,,,,,,
https://uk.trustpilot.com/review/www.pizzaexpress.com,,,,,,
https://uk.trustpilot.com/review/www.howdens.com,,,,,,
https://uk.trustpilot.com/review/www.ravenglass-railway.co.uk,,,,,,
https://uk.trustpilot.com/review/www.superdrug.com,,,,,,
https://uk.trustpilot.com/review/www.sunmaster.co.uk,,,,,,
https://uk.trustpilot.com/review/www.hope-education.co.uk,,,,,,
https://uk.trustpilot.com/review/www.countryattire.com,,,,,,
https://uk.trustpilot.com/review/www.slugandlettuce.co.uk,,,,,,
https://uk.trustpilot.com/review/www.nobodyschild.com,,,,,,
https://uk.trustpilot.com/review/www.harvester.co.uk,,,,,,
https://uk.trustpilot.com/review/www.bose.co.uk,,,,,,
https://uk.trustpilot.com/review/www.leekes.co.uk,,,,,,
https://uk.trustpilot.com/review/www.haven.com,,,,,,
https://uk.trustpilot.com/review/www.airconcentre.co.uk,,,,,,
https://uk.trustpilot.com/review/www.wilcodirect.co.uk,,,,,,
https://uk.trustpilot.com/review/www.centerparcs.co.uk,,,,,,
https://uk.trustpilot.com/review/www.simbasleep.com,,,,,,
https://uk.trustpilot.com/review/www.dreams.co.uk,,,,,,
https://uk.trustpilot.com/review/www.axparis.com,,,,,,
https://uk.trustpilot.com/review/www.scottishpower.co.uk,,,,,,
https://uk.trustpilot.com/review/www.wiggle.co.uk,,,,,,
https://uk.trustpilot.com/review/www.theticketfactory.com,,,,,,
https://uk.trustpilot.com/review/www.goodbodystore.com,,,,,,
https://uk.trustpilot.com/review/www.thomascook.com,,,,,,
https://uk.trustpilot.com/review/www.kwik-fit.com,,,,,,
https://uk.trustpilot.com/review/www.luluguinness.com,,,,,,
https://uk.trustpilot.com/review/www.habitat.co.uk,,,,,,
https://uk.trustpilot.com/review/www.rocketdog.co.uk,,,,,,
https://uk.trustpilot.com/review/www.whistlepunks.com,,,,,,
https://uk.trustpilot.com/review/www.lordsandlabradors.co.uk,,,,,,
https://uk.trustpilot.com/review/www.schuh.co.uk,,,,,,
https://uk.trustpilot.com/review/www.shop-uk.lacoste.com,,,,,,
https://uk.trustpilot.com/review/www.rokalondon.com,,,,,,
https://uk.trustpilot.com/review/www.furniture123.co.uk,,,,,,
https://uk.trustpilot.com/review/www.cotswoldco.com,,,,,,
https://uk.trustpilot.com/review/www.ultrasun.com,,,,,,
https://uk.trustpilot.com/review/www.aspire-uk.net,,,,,,
https://uk.trustpilot.com/review/www.popsockets.co.uk,,,,,,
https://uk.trustpilot.com/review/www.disneyplus.com,,,,,,
https://uk.trustpilot.com/review/www.mountainwarehouse.com,,,,,,
https://uk.trustpilot.com/review/www.revolveclothing.com,,,,,,
https://uk.trustpilot.com/review/www.cosstores.com,,,,,,
https://uk.trustpilot.com/review/www.parkdeanresorts.co.uk,,,,,,
